bms_id,vn_id,call_id,first_name,last_name,production_date
5783544,vn50m8o,40535,Cynthia,Moore,2025-04-08
5229243,vn62a9i,45346,Brad,Lee,2024-10-09
5265618,vn74e0k,44912,Samuel,Cruz,2025-04-12
5352654,vn78s7f,45197,Lance,Price,2025-01-13
5963087,vn37k5d,49189,Christine,Torres,2024-12-14
5188045,vn43y8f,46065,David,Dean,2024-11-06
5814394,vn58o0j,46386,Brianna,Lawson,2024-10-01
5163147,vn40p7w,40889,Katherine,Butler,2024-08-25
5446969,vn47p6g,46261,Shawna,Taylor,2024-09-14
5764702,vn38l6b,45066,Natalie,Martin,2024-12-25
5226224,vn34e8t,43655,Donald,Pitts,2024-07-18
5917241,vn49u8j,42174,Jacqueline,Lopez,2024-09-03
5431535,vn40l3o,44999,Laura,Mitchell,2024-09-17
5012280,vn64w9q,44399,Cody,Pollard,2024-06-20
5488976,vn54x7c,45843,Brian,Hall,2024-08-16
5398926,vn30h7e,46679,Sonya,Buchanan,2025-02-27
5393541,vn87o2b,42237,Sean,Griffin,2025-05-02
5174690,vn42i3a,49807,Nicholas,Martin,2025-03-22
5517330,vn74a7o,48337,Daniel,Mills,2024-08-03
5980467,vn26h8d,45519,Todd,Terry,2025-02-01
5003893,vn20s9e,43764,Jean,George,2024-05-16
5847259,vn42o7u,46036,Mark,Tucker,2024-08-02
5077474,vn46i5o,47402,Emily,Gibson,2024-10-26
5823004,vn92q5e,40774,Melanie,Barnes,2025-02-09
5534648,vn71k7j,44828,Valerie,Lopez,2024-06-21
5715218,vn29t1y,44066,Nicole,Marsh,2024-07-26
5322146,vn28l4g,40107,Michael,Johnson,2024-06-18
5290226,vn79e2i,44524,Jackie,Griffith,2025-03-31
5965478,vn51c6o,43490,Jill,Ortega,2025-03-09
5319105,vn76q3n,42910,Dustin,Dunn,2025-02-04
5560489,vn70l2z,45315,Christopher,Rosales,2025-01-13
5154326,vn66n9c,40631,Sherry,Elliott,2024-07-01
5709004,vn74h7o,46309,Tiffany,Taylor,2024-09-09
5066323,vn86z7q,44318,Jessica,Keller,2025-03-23
5455922,vn36x8i,47718,Leah,Stewart,2025-03-24
5322804,vn69f1e,49953,Erin,Morales,2024-10-20
5019987,vn69g4p,41455,Victoria,Perry,2024-10-05
5109312,vn38c3x,45824,Jonathan,Larson,2024-07-30
5646922,vn78o1g,43766,Amy,Parker,2025-03-11
5790325,vn68v2c,41402,John,Ward,2025-04-17
5008456,vn87h1z,42486,Maureen,Mathews,2025-03-17
5171919,vn30t9j,42740,Aaron,Johnson,2025-03-11
5454344,vn56k2l,43640,Dawn,Bennett,2025-05-05
5964980,vn43w9m,45213,Nicole,Cannon,2025-02-03
5945680,vn64c0r,40429,Christopher,Weber,2024-09-07
5566660,vn19t4a,49529,Andrew,Smith,2025-02-03
5305020,vn20l8f,42448,Lisa,Daugherty,2024-09-18
5484214,vn30h0l,41866,Elizabeth,Soto,2025-02-22
5970039,vn67u4i,43506,Cynthia,Briggs,2024-11-05
5893752,vn73p9y,46120,Manuel,Coleman,2024-10-29
5387574,vn95z6b,46617,Elijah,Bright,2024-06-26
5778574,vn31h6f,47877,Debra,Smith,2024-05-25
5168251,vn68g3b,43110,Tara,Jensen,2025-05-06
5122446,vn69i9e,44231,Jermaine,Sanchez,2024-06-22
5779661,vn52v3y,40731,Jamie,Padilla,2025-05-09
5365062,vn58y8a,47557,Thomas,Gillespie,2024-07-30
5932301,vn93t0h,48013,Adam,Norris,2025-01-12
5163262,vn87u3v,44718,Amber,Newton,2025-04-02
5483618,vn53k6p,49107,Brad,Garza,2025-01-04
5349825,vn52n5n,45581,Christie,Evans,2024-12-08
5560365,vn43g2s,45583,Tammie,Stewart,2025-03-24
5794258,vn54c9o,44386,Sherry,Bryan,2024-08-09
5556403,vn18f4f,42536,Kristin,Rodriguez,2024-05-17
5642286,vn19o8o,46279,Roger,Martinez,2024-12-20
5188741,vn65p9o,45227,Kyle,Kelly,2024-05-17
5493228,vn27a8f,46446,Sheila,Hartman,2024-06-08
5079876,vn28s0q,42851,Steven,Mason,2025-02-28
5852552,vn68m6u,45028,Maria,Hawkins,2024-07-24
5351590,vn81n4u,40688,Michelle,Wong,2024-09-06
5927965,vn19y4l,49080,Aaron,Delgado,2024-11-16
5746097,vn13g6y,42219,Stacey,Cook,2024-12-06
5224699,vn91s2b,49797,Audrey,Pineda,2025-05-09
5504309,vn98r2y,47970,Sheila,Brown,2024-10-15
5550989,vn52o8l,40777,Gail,White,2024-06-14
5211841,vn24f8h,45520,Jeffrey,Williams,2025-04-28
5640922,vn68e2b,43811,Christopher,Jordan,2025-04-26
5526161,vn87l6z,49339,John,Robinson,2024-05-23
5095043,vn42j1p,43805,Wendy,Smith,2025-01-19
5411430,vn20v0f,47456,Kenneth,Matthews,2024-09-09
5937330,vn44t7t,48219,Melissa,Velazquez,2024-09-05
5135147,vn97j7u,47126,James,Hall,2024-10-12
5032713,vn92a0k,44401,Sarah,Brown,2025-02-28
5025013,vn95w5z,40832,Stephanie,Hamilton,2024-06-16
5307068,vn87i9w,43858,Sara,Mora,2025-01-05
5655191,vn61h3n,43150,Laura,Dorsey,2025-05-01
5200942,vn32s2v,45722,Haley,Jackson,2024-11-07
5401698,vn91b7v,46835,Dale,Williams,2025-04-05
5748571,vn50t0v,41734,Bradley,Smith,2024-08-27
5320300,vn49l6a,49194,James,Turner,2025-01-14
5240195,vn98i7e,46137,Maria,Dalton,2024-09-29
5154578,vn89a6s,49515,Cynthia,Fisher,2024-12-17
5150701,vn59l7e,43315,Diane,Baldwin,2024-09-04
5336358,vn95y6t,44274,Madison,Lopez,2024-09-02
5233388,vn71f7y,40447,Allen,Howard,2024-07-18
5288366,vn33j6s,46995,Amanda,Jackson,2024-07-27
5623655,vn33b5h,45387,Rachel,Mason,2025-04-09
5368262,vn21u4s,49222,Mariah,King,2025-01-13
5047623,vn72y4i,49645,Jessica,Trujillo,2025-04-04
5846489,vn95g8w,49826,Dylan,Dalton,2025-03-16
5285204,vn38k4o,48921,Austin,Brown,2024-07-22
5487109,vn54n0v,41635,Shari,Wilcox,2024-06-28
5754238,vn53j6r,47880,Laura,Jackson,2024-10-08
5902997,vn33h4a,40405,Mark,Gomez,2024-05-23
5705800,vn20v9t,44761,Rachel,Brown,2024-08-08
5743147,vn17l2m,40350,Robert,Kim,2024-05-17
5402952,vn89v3h,44521,Bryan,Clark,2024-06-04
5293429,vn23n9g,47679,Michelle,Hubbard,2025-03-03
5678915,vn64w9p,47833,Bradley,Soto,2025-05-03
5340695,vn73a2b,46826,Michelle,Berry,2024-07-24
5737369,vn55d7c,41954,Angela,Baxter,2025-04-02
5703053,vn37z2p,45395,Joshua,Brown,2024-11-26
5211710,vn16n3r,41615,Jasmine,Jones,2024-05-22
5625658,vn18n3o,40698,Leonard,Morrison,2024-06-26
5727665,vn80k7c,42617,Bruce,Smith,2025-03-11
5839311,vn73h8s,45227,Matthew,Sanchez,2025-03-19
5898047,vn81r1k,41920,Kristen,Olson,2025-05-03
5747434,vn46f4g,40458,Megan,Martin,2024-11-22
5513998,vn50o3k,47810,Cassandra,Johnson,2024-11-28
5012337,vn82n4h,43125,Daniel,Navarro,2025-02-20
5543183,vn45s2w,42326,Stanley,Stewart,2025-03-07
5760885,vn38j1e,48919,Emily,Olson,2025-05-01
5691781,vn57y3w,47816,Victor,Wong,2024-12-30
5998252,vn90d7g,44316,Danny,Gomez,2025-02-15
5343343,vn93j0m,42911,Cheryl,Watson,2024-07-17
5832649,vn53e1p,43942,Lisa,Wilson,2024-10-08
5293129,vn47j5o,42500,Lawrence,James,2024-09-08
5813735,vn42e2z,48453,Sandra,Garcia,2024-11-10
5566571,vn51z6m,48191,Timothy,Keller,2024-07-04
5734613,vn41c5l,48956,Kimberly,Navarro,2024-10-26
5945337,vn42u3i,42149,Marissa,Daniels,2024-08-15
5743191,vn99w4n,40803,Jennifer,Harris,2024-05-29
5473114,vn47x9a,47824,Julie,Holt,2024-08-22
5611548,vn68b4d,46823,Cynthia,Dominguez,2024-10-11
5637190,vn19f3o,47044,Randall,Richard,2024-05-16
5402777,vn91o2n,42755,Donald,Delacruz,2025-01-28
5278498,vn65g1t,41832,Sierra,Stuart,2024-07-18
5447777,vn74p5b,42825,Jeremy,Eaton,2024-12-06
5671067,vn53k2y,47733,Christopher,Williams,2024-11-16
5899061,vn79s8y,41085,Carlos,Holland,2024-10-21
5286078,vn51r0p,42348,Rachel,Winters,2025-01-26
5640595,vn68j8g,42166,Joe,Jimenez,2024-07-14
5696128,vn30p1f,46806,Olivia,Robertson,2025-03-15
5735787,vn39r5p,45048,Lacey,Mcguire,2024-12-29
5599823,vn28t7i,49290,Robert,Bullock,2024-06-18
5092379,vn15f4t,43424,Kristopher,Bass,2024-08-01
5943899,vn35z8t,40846,Dan,Barr,2025-02-09
5881949,vn52v9x,40604,Rose,Wise,2024-08-30
5350192,vn32u0z,40453,Howard,Gonzalez,2024-10-11
5815228,vn43y7a,49137,John,Simpson,2025-03-12
5259781,vn25s1w,44804,Nicholas,Green,2025-02-10
5994658,vn11c2y,40005,Autumn,Waller,2024-09-07
5180324,vn25i4m,44514,Jill,Clark,2024-06-17
5997914,vn47v0o,43807,Ashley,Silva,2024-12-27
5917183,vn84r7d,43772,Anna,Fisher,2024-09-04
5412601,vn77t2j,45974,Robert,Zimmerman,2024-12-20
5882708,vn74r1w,42972,Janice,Vargas,2024-07-04
5909765,vn60z4p,40824,Andres,Cummings,2024-12-31
5445651,vn11r7n,43286,Kathleen,Shepherd,2024-05-16
5240135,vn51s2h,44435,Donald,Ayers,2024-07-17
5166141,vn35i5q,45369,Brian,Evans,2024-07-02
5052185,vn78h0w,46621,Michael,Hamilton,2025-05-06
5978449,vn50f4n,46893,Jennifer,Stafford,2025-01-12
5269856,vn26f1z,48557,Dylan,Lee,2024-11-21
5194552,vn94d5n,40118,Bryan,Guerra,2025-04-05
5828688,vn29k5x,48981,Glen,Avila,2024-10-09
5160611,vn25q1g,40012,Olivia,Hawkins,2024-08-31
5063319,vn71f8g,48085,Daniel,Mccarthy,2024-08-05
5847287,vn21q2v,49315,Katherine,Perez,2024-09-13
5979238,vn72i1a,49065,Jordan,Gill,2024-08-30
5363449,vn53q3v,43771,Morgan,Waters,2025-04-22
5167368,vn48d8i,42316,Ryan,Howard,2024-07-23
5943061,vn19s6h,49723,Stephanie,Gibson,2025-03-10
5744227,vn73q8k,43669,April,Berry,2025-03-06
5925097,vn27i6t,41920,Kevin,Wilson,2024-11-24
5931071,vn87h6h,48220,Andrea,Barber,2024-08-02
5481957,vn34g7o,48332,Angel,Martinez,2025-04-20
5522047,vn28h3f,40602,Laura,Martinez,2024-11-22
5265249,vn25c9s,48457,Kenneth,Fisher,2025-01-06
5322827,vn75i3n,45501,Vanessa,Escobar,2024-07-17
5891071,vn49k4w,48245,Rachel,Anderson,2025-01-12
5648167,vn85v7i,47217,Marcus,Vasquez,2025-04-04
5759898,vn86b8n,47295,Jane,Rangel,2024-10-11
5102569,vn49g4k,47534,Susan,Butler,2024-06-04
5476990,vn95v1o,47482,Louis,Lewis,2025-03-02
5034254,vn63u1w,46980,Bryce,Peterson,2024-12-17
5534224,vn49q9b,45109,Shawn,Barnes,2025-02-24
5413101,vn70g1e,49369,Shawn,Potter,2025-02-03
5074474,vn22p0a,40417,Nicole,Lara,2024-10-30
5805858,vn46r3a,46130,Randy,Aguirre,2025-02-14
5165492,vn59c2v,45649,Beverly,Mercer,2024-09-25
5542578,vn38o4c,47301,Ashley,Schmitt,2025-03-07
5150300,vn81w2j,44416,Shane,Gomez,2024-11-18
5852043,vn98i7a,45005,Michael,Henderson,2025-04-11
5404543,vn14t1i,48007,Crystal,Reilly,2024-10-13
5401753,vn85n9h,42781,John,Jensen,2025-01-31
5832580,vn82c9o,44482,Amber,Moore,2024-09-23
5018873,vn78c4m,48237,Tracy,Strong,2025-04-09
5125713,vn23d6u,43408,Keith,King,2024-07-22
5325706,vn53r5w,49950,Karen,Watts,2025-03-01
5610549,vn65j2l,40660,Gloria,Davis,2024-08-22
5692714,vn94b9m,47294,Kyle,Stephens,2024-12-03
5955169,vn54e0v,41353,Andrea,Hall,2025-02-28
5556985,vn34h1o,49000,Emily,Dennis,2025-02-03
5541391,vn41w6x,49677,Hannah,Clark,2024-05-12
5404254,vn66g4y,41363,Julie,Brown,2024-08-29
5340999,vn38f3g,44183,Dakota,Mitchell,2024-11-13
5922345,vn28f9g,41978,Charles,Smith,2024-12-14
5415108,vn70p5t,47771,Andrew,Chavez,2024-08-13
5671472,vn20q0t,49268,Brian,Rodriguez,2024-06-07
5103316,vn91y6k,40706,Lisa,Burke,2024-08-02
5785487,vn48s5q,43459,Jeffrey,Caldwell,2024-07-17
5247425,vn96q9p,49468,Luis,Martin,2024-10-23
5533844,vn75p4s,48023,Kathleen,Bryan,2024-10-13
5122657,vn58w9v,45544,Jamie,Harris,2024-09-01
5375523,vn82c9j,42634,Andrew,Gonzalez,2024-09-12
5630111,vn85p5j,43413,Cody,Clark,2024-11-29
5393384,vn14h9m,40212,Jeffrey,Rose,2024-11-15
5726149,vn34z4c,42395,Jeffrey,Cantrell,2024-10-14
5933608,vn85s4f,46968,Stephanie,Hubbard,2024-06-13
5958246,vn35p3a,43392,Christine,West,2024-05-23
5211632,vn45v0j,40842,Mark,Medina,2024-10-19
5687271,vn32e1z,49023,Matthew,Manning,2024-07-11
5726510,vn70r5e,47816,Scott,Mendez,2025-02-06
5151038,vn94z6x,44549,Michelle,Perez,2025-03-13
5554669,vn30c6z,44014,Monica,White,2024-10-16
5599226,vn59h7e,44793,Jay,Moreno,2024-10-07
5710094,vn73h0t,40470,Krystal,Cooper,2024-09-13
5838805,vn42t4v,42303,Ann,Cruz,2025-03-24
5924341,vn32b1q,44809,James,Miller,2025-04-25
5953398,vn59j4o,45258,Jessica,Stein,2025-03-23
5908660,vn14q1s,45297,Taylor,Williams,2025-05-05
5404201,vn79j5f,47319,Christopher,Lee,2024-09-22
5450999,vn92a7b,46965,Diana,Davis,2024-10-22
5626870,vn59s1u,44135,Ebony,Ortega,2025-04-21
5908129,vn15f9r,45036,Dylan,Moore,2024-06-08
5402275,vn18f9z,47901,Jennifer,Brown,2024-11-18
5635950,vn43x0g,47077,Jeremy,Weaver,2024-11-22
5177648,vn79k7q,45107,Sarah,Cooper,2025-05-05
5772010,vn98j6q,45129,Walter,Wang,2024-05-11
5818705,vn23p1x,49186,Patrick,Garcia,2024-09-30
5103479,vn63n4m,46680,Alex,Wheeler,2024-12-10
5517780,vn67h0l,45178,Anne,Carlson,2024-12-07
5059746,vn66n0s,43923,James,Morris,2024-07-02
5047597,vn29i7x,43678,Amanda,Hernandez,2024-12-28
5998902,vn62q1n,47927,Andrew,Cook,2025-02-18
5099022,vn44d2d,40820,Brandi,Garcia,2024-05-22
5587481,vn15n1h,47296,Mark,Cruz,2024-12-02
5560568,vn26z7o,46278,Michael,Flores,2024-07-08
5306019,vn44l4t,49977,Daniel,Lynch,2025-03-13
5218246,vn14t6t,46640,Jeffrey,Summers,2025-01-06
5046831,vn59y1z,43190,Bradley,Martin,2024-06-04
5284196,vn44e2p,40484,Andre,Wheeler,2024-12-13
5462584,vn39i1c,45900,Jennifer,Bell,2024-06-21
5168121,vn77a9p,48179,Elijah,Price,2024-11-02
5732781,vn20d4s,43909,Danny,Pratt,2024-05-19
5707499,vn24m4u,43154,Daniel,Jones,2024-11-21
5755590,vn34a6o,46434,Phillip,Morris,2024-12-19
5490728,vn60n0f,40429,Michele,Thomas,2025-02-22
5364970,vn60a0b,45743,Chelsea,Horne,2024-08-17
5916282,vn67d4z,46944,Misty,Parker,2024-10-21
5632172,vn22y8j,43450,Brian,Stewart,2024-11-22
5001598,vn98i0f,45372,Shelly,Valentine,2024-07-25
5140341,vn60v7c,48722,Kevin,Brown,2024-11-02
5865231,vn93i4l,42286,Laura,Smith,2025-04-29
5183989,vn94h8n,44843,Nicholas,Mitchell,2024-12-03
5826616,vn72g7e,47023,Richard,Kennedy,2025-04-21
5672874,vn95j5q,43570,Katherine,Evans,2024-07-26
5851109,vn60g8w,41630,Susan,Brady,2025-02-25
5101396,vn68u9t,48685,Jason,Williams,2024-08-18
5360690,vn62j3g,47511,Crystal,Thomas,2025-04-03
5137233,vn35v2c,42171,Rose,Guzman,2025-01-16
5941393,vn10j2v,48211,Brenda,Frazier,2025-01-26
5200264,vn81l6u,42254,Monique,Thornton,2024-09-29
5942814,vn65l2a,47981,Tammy,Woods,2025-03-21
5686750,vn41k2i,45243,Michelle,Drake,2025-01-20
5137105,vn44k1h,42200,Rachel,Stafford,2024-08-12
5633002,vn35h1t,48956,Marvin,Watts,2024-09-26
5589655,vn59l7c,40331,Seth,Williams,2024-08-26
5315978,vn29j7d,41203,Katie,Clark,2024-08-25
5351564,vn64a3k,48677,Valerie,Stewart,2024-07-23
5779997,vn18t1y,47031,Rebecca,Reyes,2025-03-05
5725470,vn23m8e,49397,Tanner,Warren,2025-01-08
5777281,vn27y0z,40092,Joshua,Norris,2024-10-25
5738227,vn91p4o,48549,Lauren,Small,2025-04-10
5851768,vn63o0j,47417,Zachary,Parker,2024-12-13
5496688,vn79e7q,45696,Robert,James,2024-12-26
5257586,vn97u6j,40877,Thomas,Castillo,2024-05-16
5213509,vn64s6d,48632,Denise,Avery,2025-04-16
5330730,vn42h0v,48432,Todd,Phillips,2025-01-07
5725099,vn55i8i,49036,Laura,Castro,2024-12-28
5287306,vn28n8i,49148,Joshua,Gibson,2024-05-27
5145594,vn81v5b,44556,Andrew,Wagner,2025-03-05
5999678,vn40s6t,44180,Julie,Fitzpatrick,2024-10-25
5342522,vn99w5r,43182,Ashlee,Williams,2025-03-03
5456602,vn31t8t,43115,Gregory,Little,2025-04-27
5877888,vn98w7h,43105,Michelle,Williams,2024-12-25
5313348,vn55l2h,46047,Kimberly,Harding,2024-06-09
5118459,vn81v7u,45483,Dylan,Parsons,2025-01-16
5362630,vn32l4o,47070,Jessica,Oliver,2025-02-09
5598032,vn30k8e,47200,John,Rose,2025-03-30
